company_key,company_name,industry,size_band,country,city,website,parent_company_key,is_exhibitor,is_potential_exhibitor
CO0001,Lange Trade GmbH,Industrial,SME,Italy,Hamburg,www.langetradegmbh.com,,1,0
CO0002,Hartmann Systems GmbH,Food & Beverage,SME,Italy,Munich,www.hartmannsystemsgmbh.com,,0,1
CO0003,Werner Connect Group,Finance,Mid-Market,Italy,Leipzig,www.wernerconnectgroup.com,,0,1
CO0004,Werner Systems SE,Industrial,SME,Italy,Frankfurt,www.wernersystemsse.com,,0,0
CO0005,Hoffmann Consulting SE,Energy,Mid-Market,Germany,Dortmund,www.hoffmannconsultingse.com,,0,0
CO0006,Schmidt Partners SE,Energy,Mid-Market,Poland,Munich,www.schmidtpartnersse.com,,0,1
CO0007,Koch Trade Ltd,Retail,SME,Switzerland,Dusseldorf,www.kochtradeltd.com,,0,1
CO0008,Hoffmann Solutions AG,Industrial,Enterprise,France,Hannover,www.hoffmannsolutionsag.com,,1,1
CO0009,Wagner Services KG,Industrial,Enterprise,Belgium,Munich,www.wagnerserviceskg.com,,0,1
CO0010,Meyer Digital SE,Mobility,Mid-Market,France,Munich,www.meyerdigitalse.com,CO0073,1,0
CO0011,Bauer Connect KG,Mobility,Enterprise,Austria,Hamburg,www.bauerconnectkg.com,,0,0
CO0012,Werner Holdings KG,Energy,Mid-Market,UK,Munich,www.wernerholdingskg.com,CO0018,1,0
CO0013,Schmidt Digital GmbH,Technology,SME,Netherlands,Nuremberg,www.schmidtdigitalgmbh.com,,0,0
CO0014,Neumann Holdings KG,Finance,Mid-Market,Belgium,Cologne,www.neumannholdingskg.com,,0,0
CO0015,Lange Solutions GmbH,Industrial,Mid-Market,Netherlands,Leipzig,www.langesolutionsgmbh.com,,1,0
CO0016,Braun Digital AG,Finance,SME,Spain,Nuremberg,www.braundigitalag.com,,0,1
CO0017,Hoffmann Digital AG,Finance,Enterprise,Germany,Hannover,www.hoffmanndigitalag.com,,0,0
CO0018,Hoffmann Group Ltd,Industrial,SME,Germany,Munich,www.hoffmanngroupltd.com,CO0011,0,0
CO0019,Schmidt Digital Holding,Healthcare,SME,Austria,Bremen,www.schmidtdigitalholding.com,,1,0
CO0020,Bauer Group Holding,Retail,Enterprise,Spain,Stuttgart,www.bauergroupholding.com,CO0084,0,0
CO0021,Braun Services GmbH,Retail,SME,France,Frankfurt,www.braunservicesgmbh.com,,1,1
CO0022,Hartmann Fair GmbH,Technology,Enterprise,Germany,Munich,www.hartmannfairgmbh.com,,0,0
CO0023,Schmidt Partners AG,Industrial,Enterprise,Austria,Munich,www.schmidtpartnersag.com,,1,0
CO0024,Bauer Digital KG,Mobility,SME,France,Berlin,www.bauerdigitalkg.com,,0,0
CO0025,Neumann Services Ltd,Food & Beverage,Enterprise,France,Cologne,www.neumannservicesltd.com,,0,0
CO0026,Bauer Fair AG,Finance,Mid-Market,Netherlands,Stuttgart,www.bauerfairag.com,,0,1
CO0027,Schmidt Services Ltd,Finance,SME,Germany,Nuremberg,www.schmidtservicesltd.com,CO0108,0,0
CO0028,Bauer Market KG,Media,Mid-Market,Italy,Stuttgart,www.bauermarketkg.com,CO0022,0,0
CO0029,Neumann Event Ltd,Media,Mid-Market,Switzerland,Dortmund,www.neumanneventltd.com,CO0101,1,0
CO0030,Wagner Fair SE,Retail,SME,Poland,Dortmund,www.wagnerfairse.com,,1,0
CO0031,Meyer Expo Holding,Media,Enterprise,Belgium,Hamburg,www.meyerexpoholding.com,,1,0
CO0032,Wagner Trade Holding,Technology,Enterprise,Italy,Stuttgart,www.wagnertradeholding.com,,1,1
CO0033,Hartmann Holdings GmbH,Energy,SME,Switzerland,Nuremberg,www.hartmannholdingsgmbh.com,,1,0
CO0034,Koch Fair Group,Packaging,SME,Spain,Stuttgart,www.kochfairgroup.com,,1,0
CO0035,Klein Solutions Ltd,Technology,SME,Austria,Hannover,www.kleinsolutionsltd.com,CO0013,0,1
CO0036,Braun Event AG,Packaging,SME,Italy,Frankfurt,www.brauneventag.com,,0,0
CO0037,Hartmann Digital Group,Finance,SME,Belgium,Dusseldorf,www.hartmanndigitalgroup.com,CO0014,0,0
CO0038,Schmidt Group GmbH,Finance,SME,Spain,Dusseldorf,www.schmidtgroupgmbh.com,,1,0
CO0039,Bauer Connect Group,Industrial,Enterprise,Austria,Dusseldorf,www.bauerconnectgroup.com,CO0109,0,0
CO0040,Lange Systems Ltd,Industrial,SME,Germany,Frankfurt,www.langesystemsltd.com,,1,0
CO0041,Wagner Media KG,Finance,Enterprise,Switzerland,Bremen,www.wagnermediakg.com,,0,1
CO0042,Braun Expo Ltd,Packaging,Enterprise,Belgium,Hamburg,www.braunexpoltd.com,,0,0
CO0043,Meyer Group SE,Retail,Enterprise,Italy,Nuremberg,www.meyergroupse.com,,1,0
CO0044,Hartmann Media AG,Retail,SME,Netherlands,Stuttgart,www.hartmannmediaag.com,,1,0
CO0045,Neumann Digital Group,Retail,Mid-Market,Netherlands,Dortmund,www.neumanndigitalgroup.com,,0,0
CO0046,Bauer Fair Ltd,Media,Mid-Market,Spain,Munich,www.bauerfairltd.com,,1,1
CO0047,Neumann Solutions SE,Technology,Mid-Market,UK,Nuremberg,www.neumannsolutionsse.com,,1,0
CO0048,Meyer Trade SE,Healthcare,Enterprise,Spain,Cologne,www.meyertradese.com,,0,0
CO0049,Werner Digital SE,Mobility,Enterprise,Belgium,Berlin,www.wernerdigitalse.com,,1,1
CO0050,Koch Expo Group,Mobility,SME,Belgium,Bremen,www.kochexpogroup.com,,1,1
CO0051,Hoffmann Systems GmbH,Packaging,Enterprise,UK,Nuremberg,www.hoffmannsystemsgmbh.com,CO0093,0,0
CO0052,Lange Systems SE,Mobility,Enterprise,Spain,Bremen,www.langesystemsse.com,,0,0
CO0053,Lange Media AG,Energy,Enterprise,Spain,Stuttgart,www.langemediaag.com,,0,0
CO0054,Koch Fair KG,Energy,Enterprise,UK,Leipzig,www.kochfairkg.com,,1,1
CO0055,Braun Services Ltd,Healthcare,Enterprise,France,Dusseldorf,www.braunservicesltd.com,,1,0
CO0056,Schmidt Consulting Ltd,Retail,Enterprise,Spain,Munich,www.schmidtconsultingltd.com,,0,0
CO0057,Meyer Fair KG,Energy,SME,Austria,Stuttgart,www.meyerfairkg.com,CO0074,0,0
CO0058,Klein Systems AG,Healthcare,Enterprise,Germany,Berlin,www.kleinsystemsag.com,,0,1
CO0059,Werner Partners KG,Food & Beverage,Enterprise,Italy,Berlin,www.wernerpartnerskg.com,,0,0
CO0060,Klein Holdings Ltd,Finance,Mid-Market,Belgium,Leipzig,www.kleinholdingsltd.com,CO0096,0,0
CO0061,Koch Digital AG,Industrial,Enterprise,Austria,Nuremberg,www.kochdigitalag.com,,0,0
CO0062,Werner Event AG,Industrial,Mid-Market,UK,Bremen,www.wernereventag.com,,0,1
CO0063,Neumann Media AG,Retail,SME,Switzerland,Stuttgart,www.neumannmediaag.com,,0,0
CO0064,Meyer Fair Ltd,Mobility,Mid-Market,Poland,Dortmund,www.meyerfairltd.com,,1,0
CO0065,Klein Expo SE,Industrial,Mid-Market,Switzerland,Bremen,www.kleinexpose.com,,1,1
CO0066,Klein Fair SE,Mobility,Mid-Market,Germany,Stuttgart,www.kleinfairse.com,,1,0
CO0067,Werner Market Ltd,Media,SME,Poland,Bremen,www.wernermarketltd.com,,0,0
CO0068,Schmidt Connect KG,Healthcare,Mid-Market,Netherlands,Cologne,www.schmidtconnectkg.com,,0,1
CO0069,Klein Solutions SE,Mobility,Mid-Market,Switzerland,Dusseldorf,www.kleinsolutionsse.com,CO0061,0,0
CO0070,Hoffmann Fair Group,Technology,Enterprise,Germany,Cologne,www.hoffmannfairgroup.com,CO0026,0,1
CO0071,Lange Trade Holding,Retail,Mid-Market,Spain,Frankfurt,www.langetradeholding.com,,1,0
CO0072,Wagner Event GmbH,Energy,SME,Spain,Hannover,www.wagnereventgmbh.com,,0,0
CO0073,Werner Fair GmbH,Energy,Enterprise,Italy,Berlin,www.wernerfairgmbh.com,,0,0
CO0074,Hartmann Digital GmbH,Packaging,Enterprise,Switzerland,Nuremberg,www.hartmanndigitalgmbh.com,,1,0
CO0075,Meyer Consulting KG,Media,SME,Switzerland,Frankfurt,www.meyerconsultingkg.com,,0,1
CO0076,Neumann Market Group,Finance,Enterprise,Spain,Hannover,www.neumannmarketgroup.com,,1,0
CO0077,Klein Systems Ltd,Energy,Mid-Market,UK,Munich,www.kleinsystemsltd.com,CO0012,0,0
CO0078,Hartmann Holdings Group,Mobility,Mid-Market,Germany,Leipzig,www.hartmannholdingsgroup.com,CO0024,0,1
CO0079,Hoffmann Digital SE,Packaging,Mid-Market,Poland,Dortmund,www.hoffmanndigitalse.com,CO0072,0,1
CO0080,Schmidt Fair Group,Mobility,Mid-Market,Belgium,Munich,www.schmidtfairgroup.com,,1,0
CO0081,Klein Digital GmbH,Technology,Mid-Market,Italy,Stuttgart,www.kleindigitalgmbh.com,,0,0
CO0082,Klein Partners Holding,Packaging,Mid-Market,Belgium,Frankfurt,www.kleinpartnersholding.com,,0,0
CO0083,Koch Event AG,Technology,Enterprise,Italy,Frankfurt,www.kocheventag.com,,1,1
CO0084,Bauer Fair Group,Media,Mid-Market,Poland,Bremen,www.bauerfairgroup.com,,0,1
CO0085,Koch Fair SE,Healthcare,Mid-Market,Germany,Dortmund,www.kochfairse.com,,0,0
CO0086,Meyer Partners SE,Healthcare,Enterprise,Austria,Berlin,www.meyerpartnersse.com,CO0074,0,0
CO0087,Klein Services SE,Healthcare,SME,Spain,Leipzig,www.kleinservicesse.com,,0,0
CO0088,Klein Trade Holding,Food & Beverage,SME,Netherlands,Hannover,www.kleintradeholding.com,CO0011,0,0
CO0089,Braun Digital KG,Energy,Enterprise,Poland,Munich,www.braundigitalkg.com,,0,0
CO0090,Klein Event Ltd,Energy,Mid-Market,Spain,Hannover,www.kleineventltd.com,,1,0
CO0091,Bauer Connect AG,Industrial,Enterprise,France,Hamburg,www.bauerconnectag.com,,1,0
CO0092,Wagner Expo KG,Media,Enterprise,Poland,Leipzig,www.wagnerexpokg.com,,0,0
CO0093,Werner Event Group,Media,SME,Italy,Dusseldorf,www.wernereventgroup.com,,1,1
CO0094,Neumann Trade Holding,Retail,Enterprise,Netherlands,Dusseldorf,www.neumanntradeholding.com,CO0010,0,1
CO0095,Koch Holdings Group,Energy,Mid-Market,Austria,Berlin,www.kochholdingsgroup.com,,0,0
CO0096,Koch Partners Holding,Media,Mid-Market,France,Hannover,www.kochpartnersholding.com,,0,0
CO0097,Hartmann Event GmbH,Technology,SME,Poland,Hannover,www.hartmanneventgmbh.com,CO0098,1,0
CO0098,Hartmann Expo Ltd,Healthcare,Mid-Market,Belgium,Nuremberg,www.hartmannexpoltd.com,,0,1
CO0099,Hartmann Systems Group,Media,SME,Austria,Frankfurt,www.hartmannsystemsgroup.com,,0,0
CO0100,Wagner Solutions KG,Media,Mid-Market,Switzerland,Bremen,www.wagnersolutionskg.com,,0,0
CO0101,Koch Solutions GmbH,Mobility,Enterprise,Germany,Nuremberg,www.kochsolutionsgmbh.com,CO0060,0,0
CO0102,Bauer Partners SE,Energy,Mid-Market,Austria,Cologne,www.bauerpartnersse.com,,1,1
CO0103,Koch Services Group,Media,SME,Germany,Nuremberg,www.kochservicesgroup.com,,0,1
CO0104,Koch Partners GmbH,Finance,Mid-Market,France,Munich,www.kochpartnersgmbh.com,CO0117,0,0
CO0105,Schmidt Connect Ltd,Healthcare,Mid-Market,Spain,Bremen,www.schmidtconnectltd.com,,0,0
CO0106,Klein Fair KG,Finance,SME,Switzerland,Munich,www.kleinfairkg.com,CO0066,1,1
CO0107,Schmidt Event Ltd,Mobility,Mid-Market,Belgium,Dusseldorf,www.schmidteventltd.com,CO0037,1,0
CO0108,Klein Consulting AG,Media,Enterprise,Austria,Frankfurt,www.kleinconsultingag.com,,1,0
CO0109,Klein Group SE,Retail,Enterprise,Italy,Hannover,www.kleingroupse.com,,0,0
CO0110,Hoffmann Media KG,Mobility,Mid-Market,Netherlands,Leipzig,www.hoffmannmediakg.com,CO0017,1,0
CO0111,Klein Expo Group,Healthcare,Mid-Market,Netherlands,Berlin,www.kleinexpogroup.com,,0,0
CO0112,Hartmann Media KG,Technology,Mid-Market,Belgium,Stuttgart,www.hartmannmediakg.com,CO0081,1,0
CO0113,Braun Expo Holding,Technology,SME,Spain,Munich,www.braunexpoholding.com,,0,0
CO0114,Lange Media Ltd,Technology,Mid-Market,Netherlands,Dortmund,www.langemedialtd.com,,0,0
CO0115,Hoffmann Digital GmbH,Industrial,Mid-Market,UK,Stuttgart,www.hoffmanndigitalgmbh.com,,1,0
CO0116,Hartmann Connect Ltd,Healthcare,SME,Netherlands,Berlin,www.hartmannconnectltd.com,,0,1
CO0117,Klein Group Holding,Healthcare,SME,Austria,Nuremberg,www.kleingroupholding.com,,0,0
CO0118,Lange Partners AG,Technology,Mid-Market,UK,Hannover,www.langepartnersag.com,,0,0
CO0119,Klein Consulting SE,Retail,Mid-Market,Austria,Berlin,www.kleinconsultingse.com,,1,0
CO0120,Hartmann Event Group,Industrial,SME,Switzerland,Dusseldorf,www.hartmanneventgroup.com,,1,0
CO0121,Koch Digital Ltd,Retail,Enterprise,UK,Munich,www.kochdigitalltd.com,,1,0
CO0122,Lange Digital Group,Healthcare,Enterprise,France,Nuremberg,www.langedigitalgroup.com,,0,0
CO0123,Meyer Holdings SE,Healthcare,SME,Spain,Frankfurt,www.meyerholdingsse.com,,0,1
CO0124,Wagner Digital Holding,Packaging,Enterprise,Belgium,Dusseldorf,www.wagnerdigitalholding.com,CO0033,0,0
CO0125,Werner Consulting SE,Technology,Mid-Market,France,Hamburg,www.wernerconsultingse.com,,0,0
CO0126,Braun Solutions GmbH,Mobility,SME,Spain,Bremen,www.braunsolutionsgmbh.com,,0,0
CO0127,Hartmann Systems Ltd,Packaging,SME,Italy,Leipzig,www.hartmannsystemsltd.com,,1,0
CO0128,Hartmann Fair Group,Technology,Enterprise,Austria,Dortmund,www.hartmannfairgroup.com,,0,0
CO0129,Wagner Expo GmbH,Industrial,Mid-Market,France,Berlin,www.wagnerexpogmbh.com,,1,1
CO0130,Neumann Services SE,Finance,Mid-Market,Poland,Dortmund,www.neumannservicesse.com,,0,0
CO0131,Klein Holdings KG,Industrial,SME,UK,Munich,www.kleinholdingskg.com,,0,0
CO0132,Schmidt Connect SE,Finance,Enterprise,UK,Cologne,www.schmidtconnectse.com,,0,0
CO0133,Klein Trade Group,Retail,Enterprise,Poland,Cologne,www.kleintradegroup.com,,0,1
CO0134,Bauer Trade Ltd,Finance,SME,Poland,Munich,www.bauertradeltd.com,,0,0
CO0135,Meyer Event Ltd,Healthcare,SME,Belgium,Dusseldorf,www.meyereventltd.com,,0,0
CO0136,Wagner Expo SE,Retail,Enterprise,UK,Cologne,www.wagnerexpose.com,,0,1
CO0137,Werner Systems Holding,Technology,Enterprise,France,Leipzig,www.wernersystemsholding.com,,0,0
CO0138,Klein Partners AG,Energy,SME,Belgium,Dusseldorf,www.kleinpartnersag.com,,0,0
CO0139,Klein Consulting KG,Mobility,Enterprise,France,Leipzig,www.kleinconsultingkg.com,,0,0
CO0140,Schmidt Solutions Holding,Healthcare,SME,Netherlands,Dusseldorf,www.schmidtsolutionsholding.com,,1,0
CO0141,Neumann Holdings Holding,Industrial,Mid-Market,Belgium,Hannover,www.neumannholdingsholding.com,,1,0
CO0142,Lange Connect Ltd,Finance,Enterprise,Italy,Stuttgart,www.langeconnectltd.com,,0,0
CO0143,Hoffmann Consulting KG,Mobility,Mid-Market,France,Frankfurt,www.hoffmannconsultingkg.com,,1,0
CO0144,Hoffmann Market Group,Media,SME,France,Berlin,www.hoffmannmarketgroup.com,,0,0
CO0145,Wagner Partners GmbH,Energy,Enterprise,Belgium,Frankfurt,www.wagnerpartnersgmbh.com,,0,0
CO0146,Lange Digital KG,Food & Beverage,Mid-Market,Poland,Dusseldorf,www.langedigitalkg.com,,1,1
CO0147,Wagner Connect KG,Retail,SME,UK,Bremen,www.wagnerconnectkg.com,,0,1
CO0148,Neumann Consulting Holding,Energy,Enterprise,Belgium,Cologne,www.neumannconsultingholding.com,,1,0
CO0149,Meyer Market SE,Industrial,Mid-Market,UK,Cologne,www.meyermarketse.com,,0,0
CO0150,Schmidt Market Group,Food & Beverage,SME,Belgium,Munich,www.schmidtmarketgroup.com,,0,0
CO0151,Wagner Solutions SE,Packaging,Enterprise,Poland,Berlin,www.wagnersolutionsse.com,CO0020,0,0
CO0152,Lange Trade SE,Media,Enterprise,Switzerland,Leipzig,www.langetradese.com,,0,0
CO0153,Bauer Digital Holding,Technology,Mid-Market,Switzerland,Berlin,www.bauerdigitalholding.com,,1,0
CO0154,Braun Connect SE,Food & Beverage,SME,Switzerland,Hannover,www.braunconnectse.com,,0,0
CO0155,Bauer Digital AG,Industrial,Mid-Market,UK,Berlin,www.bauerdigitalag.com,,1,0
CO0156,Wagner Market KG,Finance,Enterprise,Italy,Bremen,www.wagnermarketkg.com,,1,0
CO0157,Schmidt Systems Ltd,Food & Beverage,Mid-Market,Germany,Leipzig,www.schmidtsystemsltd.com,CO0111,0,0
CO0158,Schmidt Systems GmbH,Packaging,SME,Poland,Leipzig,www.schmidtsystemsgmbh.com,CO0118,0,0
CO0159,Neumann Consulting GmbH,Retail,Mid-Market,Poland,Stuttgart,www.neumannconsultinggmbh.com,,0,0
CO0160,Werner Solutions AG,Packaging,SME,France,Bremen,www.wernersolutionsag.com,,1,1
CO0161,Hoffmann Solutions Group,Healthcare,SME,France,Hamburg,www.hoffmannsolutionsgroup.com,,0,1
CO0162,Lange Trade AG,Media,Mid-Market,Poland,Hannover,www.langetradeag.com,,1,0
CO0163,Lange Solutions AG,Media,SME,Austria,Leipzig,www.langesolutionsag.com,,0,0
CO0164,Hoffmann Partners GmbH,Industrial,Mid-Market,Austria,Cologne,www.hoffmannpartnersgmbh.com,,0,0
CO0165,Lange Consulting Ltd,Technology,Enterprise,Poland,Bremen,www.langeconsultingltd.com,,1,0
CO0166,Klein Group Ltd,Energy,Enterprise,Italy,Frankfurt,www.kleingroupltd.com,,1,1
CO0167,Meyer Services GmbH,Packaging,Enterprise,France,Bremen,www.meyerservicesgmbh.com,,0,1
CO0168,Werner Services KG,Finance,Enterprise,Poland,Hamburg,www.wernerserviceskg.com,,0,0
CO0169,Neumann Digital SE,Energy,SME,UK,Berlin,www.neumanndigitalse.com,,1,0
CO0170,Koch Event Group,Energy,SME,UK,Berlin,www.kocheventgroup.com,,0,0
CO0171,Koch Connect Group,Mobility,SME,Poland,Dortmund,www.kochconnectgroup.com,CO0040,1,0
CO0172,Lange Digital SE,Healthcare,Enterprise,Belgium,Berlin,www.langedigitalse.com,,0,0
CO0173,Meyer Solutions SE,Healthcare,SME,UK,Leipzig,www.meyersolutionsse.com,,0,1
CO0174,Schmidt Partners Ltd,Finance,Enterprise,Belgium,Cologne,www.schmidtpartnersltd.com,,1,1
CO0175,Hartmann Systems AG,Healthcare,SME,Poland,Hamburg,www.hartmannsystemsag.com,,0,0
CO0176,Hoffmann Connect Group,Retail,Mid-Market,Poland,Dusseldorf,www.hoffmannconnectgroup.com,,0,1
CO0177,Braun Fair SE,Media,SME,UK,Nuremberg,www.braunfairse.com,CO0057,0,0
CO0178,Neumann Partners Holding,Mobility,SME,Italy,Hannover,www.neumannpartnersholding.com,,0,0
CO0179,Lange Services Ltd,Packaging,Enterprise,France,Dortmund,www.langeservicesltd.com,CO0109,0,0
CO0180,Schmidt Digital AG,Industrial,Mid-Market,Belgium,Hamburg,www.schmidtdigitalag.com,CO0012,0,0
CO0181,Hoffmann Group GmbH,Mobility,SME,Switzerland,Bremen,www.hoffmanngroupgmbh.com,,0,0
CO0182,Hoffmann Fair GmbH,Packaging,SME,UK,Hamburg,www.hoffmannfairgmbh.com,,0,0
CO0183,Werner Consulting AG,Media,Mid-Market,Poland,Cologne,www.wernerconsultingag.com,CO0003,0,1
CO0184,Wagner Partners Group,Energy,Enterprise,Switzerland,Berlin,www.wagnerpartnersgroup.com,,0,0
CO0185,Schmidt Expo AG,Mobility,Enterprise,Poland,Leipzig,www.schmidtexpoag.com,,0,0
CO0186,Lange Partners Holding,Retail,Enterprise,Netherlands,Dusseldorf,www.langepartnersholding.com,,1,0
CO0187,Bauer Holdings KG,Healthcare,Enterprise,France,Bremen,www.bauerholdingskg.com,CO0009,1,0
CO0188,Neumann Consulting KG,Food & Beverage,Enterprise,Switzerland,Frankfurt,www.neumannconsultingkg.com,,0,0
CO0189,Schmidt Solutions AG,Technology,Enterprise,UK,Hamburg,www.schmidtsolutionsag.com,,1,0
CO0190,Lange Market Ltd,Media,Enterprise,Austria,Nuremberg,www.langemarketltd.com,,0,0
CO0191,Werner Digital KG,Food & Beverage,Mid-Market,Italy,Cologne,www.wernerdigitalkg.com,,0,0
CO0192,Koch Partners KG,Finance,Mid-Market,Spain,Cologne,www.kochpartnerskg.com,,0,0
CO0193,Hoffmann Consulting Ltd,Food & Beverage,Enterprise,UK,Dusseldorf,www.hoffmannconsultingltd.com,,0,0
CO0194,Neumann Media KG,Mobility,Mid-Market,Netherlands,Leipzig,www.neumannmediakg.com,,0,0
CO0195,Schmidt Media KG,Technology,Mid-Market,Poland,Hamburg,www.schmidtmediakg.com,,0,0
CO0196,Schmidt Solutions Group,Industrial,Mid-Market,Austria,Hannover,www.schmidtsolutionsgroup.com,,0,0
CO0197,Hoffmann Services GmbH,Packaging,Enterprise,Switzerland,Dusseldorf,www.hoffmannservicesgmbh.com,,0,0
CO0198,Lange Connect KG,Packaging,Enterprise,Netherlands,Cologne,www.langeconnectkg.com,,1,0
CO0199,Meyer Market GmbH,Retail,Enterprise,UK,Frankfurt,www.meyermarketgmbh.com,,1,0
CO0200,Hartmann Market Group,Media,Mid-Market,UK,Leipzig,www.hartmannmarketgroup.com,,1,1
CO0201,Braun Solutions KG,Packaging,Enterprise,Spain,Munich,www.braunsolutionskg.com,CO0004,1,1
CO0202,Klein Partners KG,Finance,SME,Spain,Dusseldorf,www.kleinpartnerskg.com,,0,0
CO0203,Werner Group KG,Retail,SME,Netherlands,Berlin,www.wernergroupkg.com,,1,0
CO0204,Schmidt Digital Group,Packaging,Enterprise,UK,Dortmund,www.schmidtdigitalgroup.com,,1,0
CO0205,Koch Consulting AG,Healthcare,Mid-Market,Belgium,Munich,www.kochconsultingag.com,,0,1
CO0206,Meyer Solutions Holding,Energy,Mid-Market,Austria,Bremen,www.meyersolutionsholding.com,,0,0
CO0207,Koch Systems Group,Media,Enterprise,Switzerland,Stuttgart,www.kochsystemsgroup.com,CO0010,0,0
CO0208,Lange Trade KG,Media,Enterprise,Belgium,Frankfurt,www.langetradekg.com,,1,1
CO0209,Wagner Systems Holding,Food & Beverage,SME,Belgium,Hamburg,www.wagnersystemsholding.com,,0,0
CO0210,Werner Fair SE,Finance,Mid-Market,France,Dusseldorf,www.wernerfairse.com,,1,0
CO0211,Wagner Connect SE,Energy,Enterprise,France,Bremen,www.wagnerconnectse.com,,1,1
CO0212,Wagner Connect Holding,Energy,Mid-Market,Poland,Cologne,www.wagnerconnectholding.com,CO0004,0,0
CO0213,Lange Digital Holding,Industrial,Enterprise,Italy,Hannover,www.langedigitalholding.com,,1,0
CO0214,Klein Group Group,Finance,Mid-Market,Spain,Leipzig,www.kleingroupgroup.com,,1,0
CO0215,Koch Services GmbH,Food & Beverage,SME,Austria,Stuttgart,www.kochservicesgmbh.com,,0,0
CO0216,Hartmann Market SE,Packaging,Enterprise,UK,Stuttgart,www.hartmannmarketse.com,,0,0
CO0217,Hoffmann Fair KG,Technology,Mid-Market,Austria,Munich,www.hoffmannfairkg.com,,0,0
CO0218,Neumann Fair Ltd,Healthcare,Mid-Market,Poland,Dortmund,www.neumannfairltd.com,,0,0
CO0219,Braun Services KG,Industrial,Mid-Market,Germany,Berlin,www.braunserviceskg.com,CO0065,0,1
CO0220,Bauer Holdings SE,Food & Beverage,SME,Spain,Leipzig,www.bauerholdingsse.com,,1,0
CO0221,Schmidt Systems AG,Industrial,Enterprise,UK,Stuttgart,www.schmidtsystemsag.com,,0,0
CO0222,Hartmann Partners AG,Packaging,Enterprise,Spain,Berlin,www.hartmannpartnersag.com,,0,0
CO0223,Hartmann Connect Holding,Technology,SME,France,Stuttgart,www.hartmannconnectholding.com,,0,0
CO0224,Wagner Fair Holding,Finance,Mid-Market,Belgium,Cologne,www.wagnerfairholding.com,,0,0
CO0225,Wagner Holdings Holding,Healthcare,Mid-Market,Poland,Frankfurt,www.wagnerholdingsholding.com,,1,0
CO0226,Hartmann Solutions Holding,Finance,Enterprise,Austria,Dortmund,www.hartmannsolutionsholding.com,,0,0
CO0227,Schmidt Systems Holding,Industrial,Enterprise,Germany,Hannover,www.schmidtsystemsholding.com,,1,1
CO0228,Werner Expo Holding,Media,SME,Belgium,Nuremberg,www.wernerexpoholding.com,,0,1
CO0229,Lange Fair GmbH,Energy,Enterprise,France,Munich,www.langefairgmbh.com,,0,0
CO0230,Wagner Systems Group,Retail,Mid-Market,Belgium,Hannover,www.wagnersystemsgroup.com,CO0112,1,0
CO0231,Werner Market Holding,Retail,Enterprise,UK,Nuremberg,www.wernermarketholding.com,,0,0
CO0232,Wagner Services Holding,Packaging,Enterprise,UK,Nuremberg,www.wagnerservicesholding.com,,1,0
CO0233,Hartmann Services AG,Retail,Mid-Market,Belgium,Dusseldorf,www.hartmannservicesag.com,,0,0
CO0234,Werner Fair Group,Media,Mid-Market,Austria,Frankfurt,www.wernerfairgroup.com,,1,0
CO0235,Koch Trade Holding,Finance,Mid-Market,Switzerland,Frankfurt,www.kochtradeholding.com,CO0103,0,0
CO0236,Meyer Event Group,Technology,Mid-Market,Austria,Nuremberg,www.meyereventgroup.com,,0,1
CO0237,Bauer Consulting Holding,Industrial,Enterprise,Spain,Hamburg,www.bauerconsultingholding.com,,1,1
CO0238,Bauer Expo Group,Finance,SME,Italy,Cologne,www.bauerexpogroup.com,,0,0
CO0239,Wagner Expo Holding,Healthcare,Mid-Market,Austria,Leipzig,www.wagnerexpoholding.com,,0,0
CO0240,Koch Connect GmbH,Technology,Enterprise,Poland,Munich,www.kochconnectgmbh.com,,1,0
CO0241,Wagner Systems Ltd,Healthcare,SME,Switzerland,Leipzig,www.wagnersystemsltd.com,,1,0
CO0242,Meyer Expo SE,Energy,Enterprise,France,Frankfurt,www.meyerexpose.com,,1,0
CO0243,Wagner Consulting Holding,Media,Mid-Market,Italy,Berlin,www.wagnerconsultingholding.com,,1,0
CO0244,Lange Event Group,Healthcare,SME,UK,Dusseldorf,www.langeeventgroup.com,,0,1
CO0245,Hartmann Consulting Group,Mobility,Mid-Market,Belgium,Frankfurt,www.hartmannconsultinggroup.com,,1,0
CO0246,Hoffmann Group AG,Food & Beverage,Mid-Market,Switzerland,Munich,www.hoffmanngroupag.com,,0,0
CO0247,Hartmann Expo SE,Packaging,Enterprise,Italy,Cologne,www.hartmannexpose.com,,0,0
CO0248,Braun Group Group,Industrial,Enterprise,France,Nuremberg,www.braungroupgroup.com,CO0038,0,1
CO0249,Wagner Services Group,Energy,Mid-Market,Switzerland,Dortmund,www.wagnerservicesgroup.com,,0,1
CO0250,Bauer Connect Ltd,Energy,SME,Belgium,Leipzig,www.bauerconnectltd.com,,0,0
CO0251,Hartmann Trade GmbH,Finance,Enterprise,Italy,Hannover,www.hartmanntradegmbh.com,,0,0
CO0252,Lange Fair Group,Energy,Mid-Market,France,Bremen,www.langefairgroup.com,,0,0
CO0253,Wagner Partners KG,Media,Enterprise,Germany,Bremen,www.wagnerpartnerskg.com,,0,0
CO0254,Meyer Media AG,Energy,SME,Germany,Stuttgart,www.meyermediaag.com,,0,0
CO0255,Schmidt Group KG,Food & Beverage,Mid-Market,Switzerland,Hamburg,www.schmidtgroupkg.com,,1,0
CO0256,Hoffmann Group KG,Media,Mid-Market,Switzerland,Berlin,www.hoffmanngroupkg.com,,1,1
CO0257,Lange Consulting SE,Technology,SME,Belgium,Stuttgart,www.langeconsultingse.com,,1,1
CO0258,Meyer Digital GmbH,Industrial,Mid-Market,Belgium,Stuttgart,www.meyerdigitalgmbh.com,,0,1
CO0259,Klein Solutions AG,Industrial,SME,France,Cologne,www.kleinsolutionsag.com,,0,0
CO0260,Bauer Fair GmbH,Technology,Enterprise,Germany,Leipzig,www.bauerfairgmbh.com,,1,0
CO0261,Bauer Media GmbH,Mobility,Mid-Market,Italy,Bremen,www.bauermediagmbh.com,,0,1
CO0262,Werner Holdings SE,Energy,Enterprise,UK,Munich,www.wernerholdingsse.com,,0,1
CO0263,Neumann Event SE,Food & Beverage,Enterprise,Poland,Dortmund,www.neumanneventse.com,CO0081,1,0
CO0264,Neumann Digital Holding,Packaging,Enterprise,Switzerland,Stuttgart,www.neumanndigitalholding.com,,0,1
CO0265,Braun Services AG,Retail,Mid-Market,Netherlands,Leipzig,www.braunservicesag.com,CO0072,0,0
CO0266,Braun Partners AG,Mobility,SME,Spain,Munich,www.braunpartnersag.com,,0,0
CO0267,Hoffmann Trade Holding,Retail,SME,Spain,Stuttgart,www.hoffmanntradeholding.com,,1,0
CO0268,Schmidt Fair Ltd,Energy,Enterprise,Belgium,Munich,www.schmidtfairltd.com,,0,0
CO0269,Meyer Fair AG,Technology,Enterprise,Austria,Munich,www.meyerfairag.com,,1,1
CO0270,Neumann Group AG,Finance,Mid-Market,Spain,Stuttgart,www.neumanngroupag.com,,1,0
CO0271,Koch Event SE,Finance,Mid-Market,Austria,Berlin,www.kocheventse.com,,1,0
CO0272,Hoffmann Solutions KG,Food & Beverage,Enterprise,Italy,Dortmund,www.hoffmannsolutionskg.com,,0,0
CO0273,Koch Market AG,Packaging,SME,Switzerland,Hannover,www.kochmarketag.com,CO0064,1,0
CO0274,Klein Media Group,Media,Mid-Market,Netherlands,Dortmund,www.kleinmediagroup.com,,0,1
CO0275,Wagner Group Holding,Food & Beverage,Enterprise,Germany,Berlin,www.wagnergroupholding.com,CO0086,0,0
CO0276,Neumann Market Ltd,Retail,SME,Netherlands,Cologne,www.neumannmarketltd.com,,0,0
CO0277,Meyer Holdings Group,Energy,Mid-Market,Austria,Cologne,www.meyerholdingsgroup.com,,1,0
CO0278,Werner Event Holding,Industrial,SME,Belgium,Dortmund,www.wernereventholding.com,,0,0
CO0279,Bauer Fair Holding,Finance,Mid-Market,UK,Dusseldorf,www.bauerfairholding.com,,0,0
CO0280,Neumann Services Holding,Retail,Enterprise,Italy,Dusseldorf,www.neumannservicesholding.com,,0,0
CO0281,Schmidt Systems KG,Mobility,Enterprise,Austria,Cologne,www.schmidtsystemskg.com,,1,1
CO0282,Neumann Connect Ltd,Packaging,Enterprise,France,Bremen,www.neumannconnectltd.com,CO0030,0,0
CO0283,Koch Expo GmbH,Industrial,Enterprise,Poland,Nuremberg,www.kochexpogmbh.com,,0,0
CO0284,Bauer Holdings AG,Mobility,SME,Spain,Hamburg,www.bauerholdingsag.com,,1,0
CO0285,Lange Group Holding,Packaging,Mid-Market,Netherlands,Dortmund,www.langegroupholding.com,,1,0
CO0286,Meyer Trade KG,Retail,SME,UK,Hannover,www.meyertradekg.com,,1,0
CO0287,Hoffmann Expo Group,Industrial,Mid-Market,Austria,Munich,www.hoffmannexpogroup.com,,0,0
CO0288,Lange Systems GmbH,Energy,Mid-Market,Italy,Dortmund,www.langesystemsgmbh.com,,0,1
CO0289,Neumann Media Ltd,Healthcare,Enterprise,Switzerland,Frankfurt,www.neumannmedialtd.com,,0,0
CO0290,Koch Services SE,Industrial,SME,Netherlands,Berlin,www.kochservicesse.com,,0,0
CO0291,Schmidt Expo GmbH,Packaging,Enterprise,France,Hannover,www.schmidtexpogmbh.com,,0,0
CO0292,Meyer Event KG,Mobility,SME,Belgium,Munich,www.meyereventkg.com,,0,0
CO0293,Wagner Market SE,Industrial,Mid-Market,Austria,Hamburg,www.wagnermarketse.com,,0,0
CO0294,Neumann Event KG,Technology,Mid-Market,Spain,Munich,www.neumanneventkg.com,,0,1
CO0295,Klein Trade AG,Industrial,SME,Switzerland,Frankfurt,www.kleintradeag.com,CO0049,0,0
CO0296,Hoffmann Systems Ltd,Energy,SME,Spain,Frankfurt,www.hoffmannsystemsltd.com,,1,1
CO0297,Werner Media Group,Media,Enterprise,Italy,Frankfurt,www.wernermediagroup.com,,0,0
CO0298,Schmidt Group Holding,Retail,Enterprise,Belgium,Hamburg,www.schmidtgroupholding.com,,1,0
CO0299,Werner Services Group,Retail,Mid-Market,Spain,Dortmund,www.wernerservicesgroup.com,,0,0
CO0300,Bauer Event Group,Healthcare,Enterprise,Switzerland,Stuttgart,www.bauereventgroup.com,,1,0
CO0301,Hartmann Systems Holding,Finance,Enterprise,Switzerland,Bremen,www.hartmannsystemsholding.com,,0,0
CO0302,Lange Connect SE,Healthcare,Enterprise,Poland,Cologne,www.langeconnectse.com,,1,0
CO0303,Hoffmann Digital KG,Technology,SME,France,Dusseldorf,www.hoffmanndigitalkg.com,,1,1
CO0304,Klein Solutions KG,Media,Enterprise,Poland,Dortmund,www.kleinsolutionskg.com,,0,0
CO0305,Klein Trade SE,Mobility,SME,France,Dortmund,www.kleintradese.com,,0,0
CO0306,Klein Digital AG,Finance,Mid-Market,UK,Leipzig,www.kleindigitalag.com,,1,0
CO0307,Hoffmann Trade SE,Food & Beverage,Enterprise,France,Cologne,www.hoffmanntradese.com,CO0083,0,1
CO0308,Werner Fair Holding,Healthcare,Enterprise,Netherlands,Frankfurt,www.wernerfairholding.com,,0,1
CO0309,Neumann Connect AG,Healthcare,Enterprise,Switzerland,Stuttgart,www.neumannconnectag.com,,1,1
CO0310,Neumann Expo Group,Retail,SME,Spain,Dortmund,www.neumannexpogroup.com,,0,0
CO0311,Braun Market SE,Packaging,SME,Austria,Berlin,www.braunmarketse.com,,0,0
CO0312,Neumann Holdings GmbH,Packaging,Mid-Market,Austria,Hannover,www.neumannholdingsgmbh.com,,1,0
CO0313,Lange Market SE,Technology,SME,Spain,Berlin,www.langemarketse.com,,1,1
CO0314,Braun Systems KG,Energy,SME,Poland,Stuttgart,www.braunsystemskg.com,,0,1
CO0315,Braun Market KG,Industrial,SME,Netherlands,Frankfurt,www.braunmarketkg.com,CO0080,0,0
CO0316,Meyer Services AG,Retail,Mid-Market,Belgium,Bremen,www.meyerservicesag.com,,0,0
CO0317,Klein Services AG,Technology,Enterprise,Germany,Munich,www.kleinservicesag.com,,0,1
CO0318,Klein Holdings Group,Media,Enterprise,Belgium,Berlin,www.kleinholdingsgroup.com,,0,0
CO0319,Braun Consulting Ltd,Food & Beverage,Enterprise,Austria,Bremen,www.braunconsultingltd.com,,0,0
CO0320,Werner Consulting Group,Retail,Mid-Market,Germany,Leipzig,www.wernerconsultinggroup.com,,0,0
CO0321,Schmidt Digital Ltd,Retail,SME,Poland,Dortmund,www.schmidtdigitalltd.com,,1,0
CO0322,Wagner Holdings AG,Retail,SME,Germany,Hannover,www.wagnerholdingsag.com,,0,1
CO0323,Hoffmann Media SE,Industrial,Enterprise,Spain,Bremen,www.hoffmannmediase.com,CO0087,0,1
CO0324,Neumann Group GmbH,Industrial,Enterprise,Netherlands,Dortmund,www.neumanngroupgmbh.com,CO0032,0,0
CO0325,Bauer Digital Ltd,Mobility,Mid-Market,Netherlands,Hannover,www.bauerdigitalltd.com,,1,0
CO0326,Neumann Services GmbH,Technology,Mid-Market,Belgium,Dortmund,www.neumannservicesgmbh.com,,0,0
CO0327,Klein Solutions Holding,Food & Beverage,Enterprise,France,Dortmund,www.kleinsolutionsholding.com,CO0082,1,0
CO0328,Neumann Fair KG,Retail,Mid-Market,Spain,Frankfurt,www.neumannfairkg.com,CO0044,1,1
CO0329,Hartmann Consulting KG,Packaging,Enterprise,Germany,Cologne,www.hartmannconsultingkg.com,,0,0
CO0330,Schmidt Group Ltd,Healthcare,Mid-Market,Austria,Cologne,www.schmidtgroupltd.com,CO0055,0,1
CO0331,Lange Event AG,Industrial,SME,UK,Dusseldorf,www.langeeventag.com,,1,1
CO0332,Meyer Systems Group,Industrial,Enterprise,Italy,Stuttgart,www.meyersystemsgroup.com,,1,0
CO0333,Schmidt Market Holding,Retail,Enterprise,Austria,Cologne,www.schmidtmarketholding.com,,0,0
CO0334,Neumann Trade Group,Technology,SME,UK,Frankfurt,www.neumanntradegroup.com,CO0018,0,1
CO0335,Lange Connect AG,Technology,Enterprise,Poland,Cologne,www.langeconnectag.com,,0,0
CO0336,Hoffmann Media AG,Healthcare,Mid-Market,Poland,Nuremberg,www.hoffmannmediaag.com,,0,0
CO0337,Schmidt Market Ltd,Technology,Enterprise,Switzerland,Frankfurt,www.schmidtmarketltd.com,CO0041,0,1
CO0338,Bauer Partners Holding,Energy,Enterprise,Poland,Dusseldorf,www.bauerpartnersholding.com,,1,0
CO0339,Lange Group SE,Retail,Enterprise,Poland,Bremen,www.langegroupse.com,,0,0
CO0340,Lange Expo Ltd,Retail,Mid-Market,Switzerland,Berlin,www.langeexpoltd.com,,1,0
CO0341,Braun Group GmbH,Packaging,Mid-Market,Netherlands,Stuttgart,www.braungroupgmbh.com,CO0073,0,0
CO0342,Braun Connect AG,Media,SME,Germany,Hannover,www.braunconnectag.com,,0,1
CO0343,Meyer Group GmbH,Mobility,Enterprise,Spain,Nuremberg,www.meyergroupgmbh.com,,0,0
CO0344,Werner Systems GmbH,Finance,Enterprise,Poland,Hamburg,www.wernersystemsgmbh.com,,0,0
CO0345,Braun Group AG,Healthcare,Enterprise,UK,Stuttgart,www.braungroupag.com,,1,0
CO0346,Koch Media KG,Retail,SME,Italy,Berlin,www.kochmediakg.com,CO0015,0,0
CO0347,Schmidt Expo Group,Healthcare,Enterprise,Germany,Hamburg,www.schmidtexpogroup.com,,0,0
CO0348,Wagner Solutions AG,Industrial,Enterprise,France,Cologne,www.wagnersolutionsag.com,,0,0
CO0349,Braun Trade SE,Energy,Enterprise,France,Leipzig,www.brauntradese.com,,0,0
CO0350,Klein Consulting Holding,Healthcare,Mid-Market,Netherlands,Dusseldorf,www.kleinconsultingholding.com,,1,0
CO0351,Bauer Media Holding,Food & Beverage,SME,Germany,Munich,www.bauermediaholding.com,,0,0
CO0352,Wagner Market Ltd,Food & Beverage,Enterprise,Switzerland,Munich,www.wagnermarketltd.com,,0,0
CO0353,Koch Consulting GmbH,Energy,Mid-Market,France,Bremen,www.kochconsultinggmbh.com,,0,1
CO0354,Meyer Systems GmbH,Media,Mid-Market,Spain,Frankfurt,www.meyersystemsgmbh.com,,0,0
CO0355,Hoffmann Fair SE,Energy,Mid-Market,Poland,Munich,www.hoffmannfairse.com,,1,0
CO0356,Bauer Market GmbH,Mobility,SME,Italy,Bremen,www.bauermarketgmbh.com,,1,0
CO0357,Hoffmann Expo Ltd,Mobility,Enterprise,Spain,Berlin,www.hoffmannexpoltd.com,,0,0
CO0358,Klein Expo AG,Industrial,SME,Germany,Munich,www.kleinexpoag.com,CO0067,0,0
CO0359,Klein Media GmbH,Energy,SME,Belgium,Hamburg,www.kleinmediagmbh.com,,0,0
CO0360,Bauer Event SE,Packaging,Mid-Market,UK,Frankfurt,www.bauereventse.com,,0,0
CO0361,Bauer Market Ltd,Energy,SME,Netherlands,Berlin,www.bauermarketltd.com,,0,0
CO0362,Klein Event KG,Industrial,SME,France,Hamburg,www.kleineventkg.com,,0,0
CO0363,Bauer Consulting Ltd,Packaging,SME,France,Dortmund,www.bauerconsultingltd.com,,0,0
CO0364,Braun Expo Group,Industrial,Mid-Market,Netherlands,Cologne,www.braunexpogroup.com,CO0110,0,1
CO0365,Schmidt Services GmbH,Healthcare,SME,Germany,Cologne,www.schmidtservicesgmbh.com,CO0029,0,1
CO0366,Neumann Solutions Group,Technology,Enterprise,Poland,Dusseldorf,www.neumannsolutionsgroup.com,CO0010,0,0
CO0367,Bauer Group Group,Media,SME,France,Frankfurt,www.bauergroupgroup.com,,0,0
CO0368,Neumann Consulting Group,Mobility,Mid-Market,Germany,Stuttgart,www.neumannconsultinggroup.com,,0,0
CO0369,Bauer Group AG,Industrial,Mid-Market,Austria,Hamburg,www.bauergroupag.com,,1,1
CO0370,Lange Event KG,Mobility,Enterprise,Austria,Cologne,www.langeeventkg.com,,0,1
CO0371,Neumann Fair Group,Finance,SME,Belgium,Cologne,www.neumannfairgroup.com,CO0101,1,0
CO0372,Klein Partners Ltd,Media,Mid-Market,Poland,Bremen,www.kleinpartnersltd.com,,0,1
CO0373,Bauer Expo Ltd,Industrial,SME,Austria,Bremen,www.bauerexpoltd.com,,1,1
CO0374,Wagner Trade AG,Retail,Mid-Market,Belgium,Dortmund,www.wagnertradeag.com,,0,0
CO0375,Wagner Market AG,Energy,Mid-Market,UK,Hannover,www.wagnermarketag.com,,1,0
CO0376,Hartmann Holdings AG,Energy,SME,Austria,Bremen,www.hartmannholdingsag.com,,0,0
CO0377,Hoffmann Group Holding,Retail,SME,UK,Dortmund,www.hoffmanngroupholding.com,,0,0
CO0378,Meyer Market Holding,Healthcare,SME,Belgium,Frankfurt,www.meyermarketholding.com,CO0048,1,0
CO0379,Hartmann Trade SE,Industrial,Mid-Market,Netherlands,Hamburg,www.hartmanntradese.com,,0,0
CO0380,Werner Partners Group,Energy,Mid-Market,Italy,Nuremberg,www.wernerpartnersgroup.com,,0,0
CO0381,Koch Media Group,Industrial,SME,Netherlands,Dortmund,www.kochmediagroup.com,,1,0
CO0382,Hartmann Expo AG,Energy,Mid-Market,Poland,Munich,www.hartmannexpoag.com,,0,0
CO0383,Wagner Solutions Group,Technology,SME,UK,Frankfurt,www.wagnersolutionsgroup.com,,0,0
CO0384,Schmidt Solutions SE,Technology,Enterprise,Germany,Cologne,www.schmidtsolutionsse.com,,1,0
CO0385,Wagner Group KG,Media,Mid-Market,UK,Bremen,www.wagnergroupkg.com,,0,1
CO0386,Wagner Services GmbH,Food & Beverage,Mid-Market,Germany,Frankfurt,www.wagnerservicesgmbh.com,,0,0
CO0387,Hoffmann Market KG,Healthcare,Enterprise,France,Bremen,www.hoffmannmarketkg.com,CO0012,0,0
CO0388,Werner Expo KG,Healthcare,Enterprise,Switzerland,Hamburg,www.wernerexpokg.com,,0,1
CO0389,Bauer Systems Group,Finance,Enterprise,Belgium,Dusseldorf,www.bauersystemsgroup.com,,0,1
CO0390,Schmidt Expo KG,Energy,Enterprise,Austria,Hamburg,www.schmidtexpokg.com,,0,0
CO0391,Lange Connect Holding,Media,SME,France,Cologne,www.langeconnectholding.com,,1,0
CO0392,Neumann Services KG,Industrial,SME,Belgium,Stuttgart,www.neumannserviceskg.com,,0,0
CO0393,Koch Services KG,Industrial,SME,Spain,Hannover,www.kochserviceskg.com,,1,0
CO0394,Braun Systems Ltd,Energy,SME,Belgium,Cologne,www.braunsystemsltd.com,CO0105,1,0
CO0395,Braun Connect Ltd,Media,Enterprise,Italy,Leipzig,www.braunconnectltd.com,,0,0
CO0396,Braun Holdings Holding,Energy,Enterprise,Poland,Hamburg,www.braunholdingsholding.com,,0,1
CO0397,Wagner Fair Ltd,Retail,SME,Germany,Stuttgart,www.wagnerfairltd.com,,1,0
CO0398,Bauer Consulting Group,Healthcare,Enterprise,Spain,Frankfurt,www.bauerconsultinggroup.com,CO0118,0,0
CO0399,Neumann Partners KG,Finance,Mid-Market,Spain,Bremen,www.neumannpartnerskg.com,,0,0
CO0400,Schmidt Holdings Ltd,Technology,Mid-Market,Belgium,Frankfurt,www.schmidtholdingsltd.com,CO0034,0,0
CO0401,Hartmann Holdings KG,Food & Beverage,SME,Spain,Stuttgart,www.hartmannholdingskg.com,,1,0
CO0402,Meyer Systems SE,Retail,SME,Austria,Dusseldorf,www.meyersystemsse.com,CO0003,0,0
CO0403,Koch Event Ltd,Media,Enterprise,France,Munich,www.kocheventltd.com,,1,0
CO0404,Hoffmann Event Group,Mobility,Enterprise,France,Munich,www.hoffmanneventgroup.com,,0,0
CO0405,Braun Consulting SE,Food & Beverage,Enterprise,Netherlands,Berlin,www.braunconsultingse.com,,1,0
CO0406,Wagner Digital Ltd,Finance,Enterprise,Germany,Hamburg,www.wagnerdigitalltd.com,,0,0
CO0407,Bauer Expo KG,Food & Beverage,Mid-Market,Italy,Dusseldorf,www.bauerexpokg.com,,0,0
CO0408,Lange Group GmbH,Food & Beverage,SME,UK,Leipzig,www.langegroupgmbh.com,,0,0
CO0409,Hartmann Partners SE,Packaging,SME,Spain,Dortmund,www.hartmannpartnersse.com,CO0012,0,0
CO0410,Neumann Expo AG,Energy,SME,Italy,Nuremberg,www.neumannexpoag.com,,0,0
CO0411,Lange Systems Holding,Food & Beverage,Enterprise,Germany,Leipzig,www.langesystemsholding.com,CO0083,0,0
CO0412,Bauer Event Holding,Industrial,Enterprise,Spain,Stuttgart,www.bauereventholding.com,CO0110,0,0
CO0413,Koch Connect Holding,Energy,Mid-Market,Poland,Berlin,www.kochconnectholding.com,,1,0
CO0414,Braun Connect Holding,Energy,Mid-Market,Spain,Nuremberg,www.braunconnectholding.com,,0,0
CO0415,Koch Connect SE,Industrial,Mid-Market,Spain,Munich,www.kochconnectse.com,,0,0
CO0416,Hoffmann Connect AG,Food & Beverage,Enterprise,Austria,Dusseldorf,www.hoffmannconnectag.com,,0,0
CO0417,Neumann Media GmbH,Energy,Enterprise,Poland,Munich,www.neumannmediagmbh.com,,1,1
CO0418,Lange Partners Group,Media,Enterprise,UK,Bremen,www.langepartnersgroup.com,,0,1
CO0419,Koch Trade KG,Healthcare,Enterprise,Spain,Dortmund,www.kochtradekg.com,,0,0
CO0420,Koch Systems Ltd,Packaging,Mid-Market,Spain,Hannover,www.kochsystemsltd.com,,0,0
CO0421,Meyer Consulting Group,Energy,Enterprise,Poland,Berlin,www.meyerconsultinggroup.com,,0,0
CO0422,Koch Systems GmbH,Healthcare,SME,Italy,Frankfurt,www.kochsystemsgmbh.com,,1,0
CO0423,Wagner Solutions Ltd,Healthcare,SME,Austria,Frankfurt,www.wagnersolutionsltd.com,,0,0
CO0424,Lange Expo GmbH,Media,Mid-Market,Italy,Hamburg,www.langeexpogmbh.com,,0,0
CO0425,Neumann Connect KG,Mobility,Mid-Market,Austria,Stuttgart,www.neumannconnectkg.com,,1,1
CO0426,Werner Solutions GmbH,Packaging,Enterprise,Italy,Cologne,www.wernersolutionsgmbh.com,,1,1
CO0427,Bauer Media SE,Industrial,SME,France,Stuttgart,www.bauermediase.com,,0,1
CO0428,Schmidt Consulting GmbH,Industrial,Mid-Market,Austria,Dortmund,www.schmidtconsultinggmbh.com,,1,0
CO0429,Neumann Group Group,Healthcare,Mid-Market,Austria,Frankfurt,www.neumanngroupgroup.com,,0,0
CO0430,Werner Market AG,Food & Beverage,Enterprise,Belgium,Hamburg,www.wernermarketag.com,,1,0
CO0431,Koch Digital Holding,Energy,SME,Poland,Cologne,www.kochdigitalholding.com,,1,0
CO0432,Meyer Media GmbH,Mobility,Mid-Market,Switzerland,Berlin,www.meyermediagmbh.com,,0,1
CO0433,Bauer Media Group,Food & Beverage,Mid-Market,Switzerland,Nuremberg,www.bauermediagroup.com,,1,0
CO0434,Schmidt Partners Group,Energy,SME,Spain,Berlin,www.schmidtpartnersgroup.com,,0,1
CO0435,Hartmann Fair Ltd,Industrial,Enterprise,Italy,Frankfurt,www.hartmannfairltd.com,,0,1
CO0436,Meyer Partners KG,Retail,Enterprise,Austria,Frankfurt,www.meyerpartnerskg.com,,0,0
CO0437,Schmidt Consulting Holding,Media,SME,France,Bremen,www.schmidtconsultingholding.com,,1,0
CO0438,Koch Connect AG,Media,Mid-Market,Spain,Leipzig,www.kochconnectag.com,,0,0
CO0439,Koch Solutions Ltd,Packaging,Mid-Market,France,Berlin,www.kochsolutionsltd.com,CO0114,0,0
CO0440,Wagner Connect Group,Healthcare,Mid-Market,UK,Leipzig,www.wagnerconnectgroup.com,CO0035,1,0
CO0441,Wagner Trade KG,Mobility,Mid-Market,Spain,Stuttgart,www.wagnertradekg.com,,0,0
CO0442,Lange Group Ltd,Healthcare,SME,Netherlands,Dortmund,www.langegroupltd.com,,0,0
CO0443,Neumann Group Holding,Media,Enterprise,Austria,Hamburg,www.neumanngroupholding.com,,0,0
CO0444,Werner Group AG,Media,Mid-Market,France,Stuttgart,www.wernergroupag.com,,0,0
CO0445,Braun Digital Group,Energy,Enterprise,Poland,Munich,www.braundigitalgroup.com,CO0086,0,0
CO0446,Neumann Connect Group,Retail,Mid-Market,UK,Nuremberg,www.neumannconnectgroup.com,,0,1
CO0447,Braun Group Holding,Food & Beverage,SME,Netherlands,Bremen,www.braungroupholding.com,CO0110,0,1
CO0448,Schmidt Digital KG,Packaging,SME,UK,Dusseldorf,www.schmidtdigitalkg.com,,0,0
CO0449,Neumann Consulting AG,Technology,Mid-Market,Austria,Hannover,www.neumannconsultingag.com,,0,0
CO0450,Hoffmann Trade KG,Food & Beverage,SME,Switzerland,Stuttgart,www.hoffmanntradekg.com,,1,0
CO0451,Hartmann Connect SE,Finance,Enterprise,Italy,Nuremberg,www.hartmannconnectse.com,,0,0
CO0452,Meyer Consulting AG,Media,Mid-Market,Belgium,Hannover,www.meyerconsultingag.com,,1,0
CO0453,Werner Services GmbH,Technology,Enterprise,Italy,Cologne,www.wernerservicesgmbh.com,,1,0
CO0454,Braun Partners SE,Technology,SME,Netherlands,Leipzig,www.braunpartnersse.com,,1,0
CO0455,Schmidt Event Holding,Retail,SME,France,Stuttgart,www.schmidteventholding.com,,0,0
CO0456,Meyer Group Group,Energy,SME,Austria,Leipzig,www.meyergroupgroup.com,,1,1
CO0457,Klein Expo Holding,Food & Beverage,Enterprise,Switzerland,Hannover,www.kleinexpoholding.com,,1,1
CO0458,Werner Holdings AG,Healthcare,SME,Switzerland,Nuremberg,www.wernerholdingsag.com,,0,0
CO0459,Neumann Holdings Group,Retail,Mid-Market,Switzerland,Frankfurt,www.neumannholdingsgroup.com,CO0058,0,1
CO0460,Werner Partners SE,Finance,Mid-Market,Belgium,Nuremberg,www.wernerpartnersse.com,,0,0
CO0461,Lange Solutions Group,Healthcare,Enterprise,Netherlands,Bremen,www.langesolutionsgroup.com,,1,0
CO0462,Werner Trade Ltd,Packaging,Enterprise,Austria,Hannover,www.wernertradeltd.com,,1,0
CO0463,Braun Event Ltd,Mobility,SME,Belgium,Berlin,www.brauneventltd.com,,0,0
CO0464,Lange Expo AG,Industrial,SME,Spain,Nuremberg,www.langeexpoag.com,,0,0
CO0465,Meyer Solutions Ltd,Media,SME,Poland,Nuremberg,www.meyersolutionsltd.com,,0,0
CO0466,Bauer Partners Ltd,Industrial,Enterprise,Germany,Stuttgart,www.bauerpartnersltd.com,,1,0
CO0467,Braun Expo GmbH,Industrial,SME,Poland,Leipzig,www.braunexpogmbh.com,CO0117,1,0
CO0468,Hartmann Partners Group,Energy,SME,Italy,Dusseldorf,www.hartmannpartnersgroup.com,,1,0
CO0469,Wagner Market Group,Finance,SME,Switzerland,Cologne,www.wagnermarketgroup.com,,1,0
CO0470,Wagner Market Holding,Industrial,SME,UK,Leipzig,www.wagnermarketholding.com,,0,0
CO0471,Wagner Group SE,Energy,SME,Poland,Nuremberg,www.wagnergroupse.com,,1,0
CO0472,Hoffmann Partners AG,Healthcare,Enterprise,France,Bremen,www.hoffmannpartnersag.com,,1,0
CO0473,Bauer Connect SE,Packaging,Mid-Market,Spain,Munich,www.bauerconnectse.com,CO0080,1,0
CO0474,Lange Solutions KG,Retail,Enterprise,Poland,Hannover,www.langesolutionskg.com,,0,0
CO0475,Neumann Group Ltd,Technology,Mid-Market,Spain,Bremen,www.neumanngroupltd.com,,0,0
CO0476,Braun Digital Holding,Media,Mid-Market,Germany,Dusseldorf,www.braundigitalholding.com,CO0025,0,0
CO0477,Braun Partners GmbH,Technology,SME,Italy,Nuremberg,www.braunpartnersgmbh.com,,0,1
CO0478,Braun Consulting Group,Mobility,Enterprise,France,Dortmund,www.braunconsultinggroup.com,,0,0
CO0479,Schmidt Trade GmbH,Healthcare,Mid-Market,Belgium,Berlin,www.schmidttradegmbh.com,,0,0
CO0480,Neumann Systems KG,Mobility,Mid-Market,UK,Cologne,www.neumannsystemskg.com,,0,0
CO0481,Lange Media Holding,Technology,Enterprise,Poland,Cologne,www.langemediaholding.com,,0,0
CO0482,Lange Event Holding,Technology,Mid-Market,Austria,Stuttgart,www.langeeventholding.com,,1,0
CO0483,Klein Market Holding,Retail,SME,Switzerland,Bremen,www.kleinmarketholding.com,,1,1
CO0484,Koch Connect Ltd,Packaging,SME,Belgium,Bremen,www.kochconnectltd.com,,0,0
CO0485,Werner Group Group,Packaging,SME,Switzerland,Nuremberg,www.wernergroupgroup.com,CO0019,0,1
CO0486,Bauer Holdings Ltd,Industrial,SME,France,Hamburg,www.bauerholdingsltd.com,,1,0
CO0487,Braun Services Group,Finance,SME,Spain,Nuremberg,www.braunservicesgroup.com,,0,1
CO0488,Schmidt Group AG,Packaging,Mid-Market,Austria,Frankfurt,www.schmidtgroupag.com,,0,1
CO0489,Hartmann Holdings SE,Packaging,Mid-Market,Netherlands,Cologne,www.hartmannholdingsse.com,,0,0
CO0490,Koch Consulting SE,Healthcare,Enterprise,UK,Leipzig,www.kochconsultingse.com,,0,0
CO0491,Klein Partners GmbH,Healthcare,Enterprise,Poland,Berlin,www.kleinpartnersgmbh.com,CO0110,0,1
CO0492,Schmidt Media GmbH,Food & Beverage,Enterprise,Germany,Hannover,www.schmidtmediagmbh.com,,1,1
CO0493,Klein Connect Ltd,Healthcare,Mid-Market,Switzerland,Munich,www.kleinconnectltd.com,CO0076,1,0
CO0494,Braun Trade KG,Packaging,Enterprise,Germany,Nuremberg,www.brauntradekg.com,,1,1
CO0495,Wagner Media Group,Media,Mid-Market,Germany,Munich,www.wagnermediagroup.com,,0,0
CO0496,Koch Solutions AG,Food & Beverage,Enterprise,Italy,Bremen,www.kochsolutionsag.com,CO0047,0,0
CO0497,Klein Group GmbH,Food & Beverage,Enterprise,UK,Berlin,www.kleingroupgmbh.com,,1,0
CO0498,Braun Holdings AG,Mobility,Enterprise,Switzerland,Frankfurt,www.braunholdingsag.com,,0,0
CO0499,Braun Systems SE,Packaging,Mid-Market,Austria,Hannover,www.braunsystemsse.com,,0,0
CO0500,Wagner Fair GmbH,Finance,Enterprise,Spain,Munich,www.wagnerfairgmbh.com,,0,0
